"1", "Pavadinimas 1", "Lorem ipsum dolor sit amet, consectetur adipiscing elit. Fusce ac ullamcorper ipsum. Suspendisse enim purus, dapibus vitae orci ac, viverra tristique nisl. Aenean fringilla enim eu lacinia faucibus. Proin at dui enim. In non libero velit. Duis ut mattis ligula, ut feugiat ipsum. Phasellus viverra elit eu finibus tempor. Duis et gravida dui. Duis non justo lobortis augue mollis efficitur. Suspendisse eget mauris sed mauris ultrices eleifend. Sed bibendum, tellus eget interdum imperdiet, tellus lacus tristique purus, vel rhoncus lacus ipsum vel magna. Sed id sagittis ipsum. Vivamus bibendum tortor ac ipsum finibus, eget eleifend dolor tristique. Aenean sollicitudin mauris sed dolor pellentesque varius. Donec ullamcorper pretium nibh et feugiat. Quisque facilisis ut sapien nec volutpat.", "public/img/1.jpg"
"2", "Pavadinimas 2", "Lorem ipsum dolor sit amet, consectetur adipiscing elit. Fusce ac ullamcorper ipsum. Suspendisse enim purus, dapibus vitae orci ac, viverra tristique nisl. Aenean fringilla enim eu lacinia faucibus. Proin at dui enim. In non libero velit. Duis ut mattis ligula, ut feugiat ipsum. Phasellus viverra elit eu finibus tempor. Duis et gravida dui. Duis non justo lobortis augue mollis efficitur. Suspendisse eget mauris sed mauris ultrices eleifend. Sed bibendum, tellus eget interdum imperdiet, tellus lacus tristique purus, vel rhoncus lacus ipsum vel magna. Sed id sagittis ipsum. Vivamus bibendum tortor ac ipsum finibus, eget eleifend dolor tristique. Aenean sollicitudin mauris sed dolor pellentesque varius. Donec ullamcorper pretium nibh et feugiat. Quisque facilisis ut sapien nec volutpat.", "public/img/2.jpg"
"3", "Pavadinimas 3", "Lorem ipsum dolor sit amet, consectetur adipiscing elit. Fusce ac ullamcorper ipsum. Suspendisse enim purus, dapibus vitae orci ac, viverra tristique nisl. Aenean fringilla enim eu lacinia faucibus. Proin at dui enim. In non libero velit. Duis ut mattis ligula, ut feugiat ipsum. Phasellus viverra elit eu finibus tempor. Duis et gravida dui. Duis non justo lobortis augue mollis efficitur. Suspendisse eget mauris sed mauris ultrices eleifend. Sed bibendum, tellus eget interdum imperdiet, tellus lacus tristique purus, vel rhoncus lacus ipsum vel magna. Sed id sagittis ipsum. Vivamus bibendum tortor ac ipsum finibus, eget eleifend dolor tristique. Aenean sollicitudin mauris sed dolor pellentesque varius. Donec ullamcorper pretium nibh et feugiat. Quisque facilisis ut sapien nec volutpat.", "public/img/3.jpg"
"4", "Pavadinimas 4", "Lorem ipsum dolor sit amet, consectetur adipiscing elit. Fusce ac ullamcorper ipsum. Suspendisse enim purus, dapibus vitae orci ac, viverra tristique nisl. Aenean fringilla enim eu lacinia faucibus. Proin at dui enim. In non libero velit. Duis ut mattis ligula, ut feugiat ipsum. Phasellus viverra elit eu finibus tempor. Duis et gravida dui. Duis non justo lobortis augue mollis efficitur. Suspendisse eget mauris sed mauris ultrices eleifend. Sed bibendum, tellus eget interdum imperdiet, tellus lacus tristique purus, vel rhoncus lacus ipsum vel magna. Sed id sagittis ipsum. Vivamus bibendum tortor ac ipsum finibus, eget eleifend dolor tristique. Aenean sollicitudin mauris sed dolor pellentesque varius. Donec ullamcorper pretium nibh et feugiat. Quisque facilisis ut sapien nec volutpat.", "public/img/4.jpg"
"5", "Pavadinimas 5", "Lorem ipsum dolor sit amet, consectetur adipiscing elit. Fusce ac ullamcorper ipsum. Suspendisse enim purus, dapibus vitae orci ac, viverra tristique nisl. Aenean fringilla enim eu lacinia faucibus. Proin at dui enim. In non libero velit. Duis ut mattis ligula, ut feugiat ipsum. Phasellus viverra elit eu finibus tempor. Duis et gravida dui. Duis non justo lobortis augue mollis efficitur. Suspendisse eget mauris sed mauris ultrices eleifend. Sed bibendum, tellus eget interdum imperdiet, tellus lacus tristique purus, vel rhoncus lacus ipsum vel magna. Sed id sagittis ipsum. Vivamus bibendum tortor ac ipsum finibus, eget eleifend dolor tristique. Aenean sollicitudin mauris sed dolor pellentesque varius. Donec ullamcorper pretium nibh et feugiat. Quisque facilisis ut sapien nec volutpat.", "public/img/5.jpeg"
"6", "Pavadinimas 6", "Lorem ipsum dolor sit amet, consectetur adipiscing elit. Fusce ac ullamcorper ipsum. Suspendisse enim purus, dapibus vitae orci ac, viverra tristique nisl. Aenean fringilla enim eu lacinia faucibus. Proin at dui enim. In non libero velit. Duis ut mattis ligula, ut feugiat ipsum. Phasellus viverra elit eu finibus tempor. Duis et gravida dui. Duis non justo lobortis augue mollis efficitur. Suspendisse eget mauris sed mauris ultrices eleifend. Sed bibendum, tellus eget interdum imperdiet, tellus lacus tristique purus, vel rhoncus lacus ipsum vel magna. Sed id sagittis ipsum. Vivamus bibendum tortor ac ipsum finibus, eget eleifend dolor tristique. Aenean sollicitudin mauris sed dolor pellentesque varius. Donec ullamcorper pretium nibh et feugiat. Quisque facilisis ut sapien nec volutpat.", "public/img/6.jpg"
"7", "Pavadinimas 7", "Lorem ipsum dolor sit amet, consectetur adipiscing elit. Fusce ac ullamcorper ipsum. Suspendisse enim purus, dapibus vitae orci ac, viverra tristique nisl. Aenean fringilla enim eu lacinia faucibus. Proin at dui enim. In non libero velit. Duis ut mattis ligula, ut feugiat ipsum. Phasellus viverra elit eu finibus tempor. Duis et gravida dui. Duis non justo lobortis augue mollis efficitur. Suspendisse eget mauris sed mauris ultrices eleifend. Sed bibendum, tellus eget interdum imperdiet, tellus lacus tristique purus, vel rhoncus lacus ipsum vel magna. Sed id sagittis ipsum. Vivamus bibendum tortor ac ipsum finibus, eget eleifend dolor tristique. Aenean sollicitudin mauris sed dolor pellentesque varius. Donec ullamcorper pretium nibh et feugiat. Quisque facilisis ut sapien nec volutpat.", "public/img/7.jpg"
"8", "Pavadinimas 8", "Lorem ipsum dolor sit amet, consectetur adipiscing elit. Fusce ac ullamcorper ipsum. Suspendisse enim purus, dapibus vitae orci ac, viverra tristique nisl. Aenean fringilla enim eu lacinia faucibus. Proin at dui enim. In non libero velit. Duis ut mattis ligula, ut feugiat ipsum. Phasellus viverra elit eu finibus tempor. Duis et gravida dui. Duis non justo lobortis augue mollis efficitur. Suspendisse eget mauris sed mauris ultrices eleifend. Sed bibendum, tellus eget interdum imperdiet, tellus lacus tristique purus, vel rhoncus lacus ipsum vel magna. Sed id sagittis ipsum. Vivamus bibendum tortor ac ipsum finibus, eget eleifend dolor tristique. Aenean sollicitudin mauris sed dolor pellentesque varius. Donec ullamcorper pretium nibh et feugiat. Quisque facilisis ut sapien nec volutpat.", "public/img/8.jpg"
"9", "Pavadinimas 9", "Lorem ipsum dolor sit amet, consectetur adipiscing elit. Fusce ac ullamcorper ipsum. Suspendisse enim purus, dapibus vitae orci ac, viverra tristique nisl. Aenean fringilla enim eu lacinia faucibus. Proin at dui enim. In non libero velit. Duis ut mattis ligula, ut feugiat ipsum. Phasellus viverra elit eu finibus tempor. Duis et gravida dui. Duis non justo lobortis augue mollis efficitur. Suspendisse eget mauris sed mauris ultrices eleifend. Sed bibendum, tellus eget interdum imperdiet, tellus lacus tristique purus, vel rhoncus lacus ipsum vel magna. Sed id sagittis ipsum. Vivamus bibendum tortor ac ipsum finibus, eget eleifend dolor tristique. Aenean sollicitudin mauris sed dolor pellentesque varius. Donec ullamcorper pretium nibh et feugiat. Quisque facilisis ut sapien nec volutpat.", "public/img/9.jpg"
"10", "Pavadinimas 10", "Lorem ipsum dolor sit amet, consectetur adipiscing elit. Fusce ac ullamcorper ipsum. Suspendisse enim purus, dapibus vitae orci ac, viverra tristique nisl. Aenean fringilla enim eu lacinia faucibus. Proin at dui enim. In non libero velit. Duis ut mattis ligula, ut feugiat ipsum. Phasellus viverra elit eu finibus tempor. Duis et gravida dui. Duis non justo lobortis augue mollis efficitur. Suspendisse eget mauris sed mauris ultrices eleifend. Sed bibendum, tellus eget interdum imperdiet, tellus lacus tristique purus, vel rhoncus lacus ipsum vel magna. Sed id sagittis ipsum. Vivamus bibendum tortor ac ipsum finibus, eget eleifend dolor tristique. Aenean sollicitudin mauris sed dolor pellentesque varius. Donec ullamcorper pretium nibh et feugiat. Quisque facilisis ut sapien nec volutpat.", "public/img/10.jpg"
"11", "Pavadinimas 11", "Lorem ipsum dolor sit amet, consectetur adipiscing elit. Fusce ac ullamcorper ipsum. Suspendisse enim purus, dapibus vitae orci ac, viverra tristique nisl. Aenean fringilla enim eu lacinia faucibus. Proin at dui enim. In non libero velit. Duis ut mattis ligula, ut feugiat ipsum. Phasellus viverra elit eu finibus tempor. Duis et gravida dui. Duis non justo lobortis augue mollis efficitur. Suspendisse eget mauris sed mauris ultrices eleifend. Sed bibendum, tellus eget interdum imperdiet, tellus lacus tristique purus, vel rhoncus lacus ipsum vel magna. Sed id sagittis ipsum. Vivamus bibendum tortor ac ipsum finibus, eget eleifend dolor tristique. Aenean sollicitudin mauris sed dolor pellentesque varius. Donec ullamcorper pretium nibh et feugiat. Quisque facilisis ut sapien nec volutpat.", "public/img/11.jpg"
"12", "Pavadinimas 12", "Lorem ipsum dolor sit amet, consectetur adipiscing elit. Fusce ac ullamcorper ipsum. Suspendisse enim purus, dapibus vitae orci ac, viverra tristique nisl. Aenean fringilla enim eu lacinia faucibus. Proin at dui enim. In non libero velit. Duis ut mattis ligula, ut feugiat ipsum. Phasellus viverra elit eu finibus tempor. Duis et gravida dui. Duis non justo lobortis augue mollis efficitur. Suspendisse eget mauris sed mauris ultrices eleifend. Sed bibendum, tellus eget interdum imperdiet, tellus lacus tristique purus, vel rhoncus lacus ipsum vel magna. Sed id sagittis ipsum. Vivamus bibendum tortor ac ipsum finibus, eget eleifend dolor tristique. Aenean sollicitudin mauris sed dolor pellentesque varius. Donec ullamcorper pretium nibh et feugiat. Quisque facilisis ut sapien nec volutpat.", "public/img/12.jpg"
"13", "Pavadinimas 13", "Lorem ipsum dolor sit amet, consectetur adipiscing elit. Fusce ac ullamcorper ipsum. Suspendisse enim purus, dapibus vitae orci ac, viverra tristique nisl. Aenean fringilla enim eu lacinia faucibus. Proin at dui enim. In non libero velit. Duis ut mattis ligula, ut feugiat ipsum. Phasellus viverra elit eu finibus tempor. Duis et gravida dui. Duis non justo lobortis augue mollis efficitur. Suspendisse eget mauris sed mauris ultrices eleifend. Sed bibendum, tellus eget interdum imperdiet, tellus lacus tristique purus, vel rhoncus lacus ipsum vel magna. Sed id sagittis ipsum. Vivamus bibendum tortor ac ipsum finibus, eget eleifend dolor tristique. Aenean sollicitudin mauris sed dolor pellentesque varius. Donec ullamcorper pretium nibh et feugiat. Quisque facilisis ut sapien nec volutpat.", "public/img/13.jpg"
"14", "Pavadinimas 14", "Lorem ipsum dolor sit amet, consectetur adipiscing elit. Fusce ac ullamcorper ipsum. Suspendisse enim purus, dapibus vitae orci ac, viverra tristique nisl. Aenean fringilla enim eu lacinia faucibus. Proin at dui enim. In non libero velit. Duis ut mattis ligula, ut feugiat ipsum. Phasellus viverra elit eu finibus tempor. Duis et gravida dui. Duis non justo lobortis augue mollis efficitur. Suspendisse eget mauris sed mauris ultrices eleifend. Sed bibendum, tellus eget interdum imperdiet, tellus lacus tristique purus, vel rhoncus lacus ipsum vel magna. Sed id sagittis ipsum. Vivamus bibendum tortor ac ipsum finibus, eget eleifend dolor tristique. Aenean sollicitudin mauris sed dolor pellentesque varius. Donec ullamcorper pretium nibh et feugiat. Quisque facilisis ut sapien nec volutpat.", "public/img/14.jpg"
"15", "Pavadinimas 15", "Lorem ipsum dolor sit amet, consectetur adipiscing elit. Fusce ac ullamcorper ipsum. Suspendisse enim purus, dapibus vitae orci ac, viverra tristique nisl. Aenean fringilla enim eu lacinia faucibus. Proin at dui enim. In non libero velit. Duis ut mattis ligula, ut feugiat ipsum. Phasellus viverra elit eu finibus tempor. Duis et gravida dui. Duis non justo lobortis augue mollis efficitur. Suspendisse eget mauris sed mauris ultrices eleifend. Sed bibendum, tellus eget interdum imperdiet, tellus lacus tristique purus, vel rhoncus lacus ipsum vel magna. Sed id sagittis ipsum. Vivamus bibendum tortor ac ipsum finibus, eget eleifend dolor tristique. Aenean sollicitudin mauris sed dolor pellentesque varius. Donec ullamcorper pretium nibh et feugiat. Quisque facilisis ut sapien nec volutpat.", "public/img/15.jpg"
"16", "Pavadinimas 16", "Lorem ipsum dolor sit amet, consectetur adipiscing elit. Fusce ac ullamcorper ipsum. Suspendisse enim purus, dapibus vitae orci ac, viverra tristique nisl. Aenean fringilla enim eu lacinia faucibus. Proin at dui enim. In non libero velit. Duis ut mattis ligula, ut feugiat ipsum. Phasellus viverra elit eu finibus tempor. Duis et gravida dui. Duis non justo lobortis augue mollis efficitur. Suspendisse eget mauris sed mauris ultrices eleifend. Sed bibendum, tellus eget interdum imperdiet, tellus lacus tristique purus, vel rhoncus lacus ipsum vel magna. Sed id sagittis ipsum. Vivamus bibendum tortor ac ipsum finibus, eget eleifend dolor tristique. Aenean sollicitudin mauris sed dolor pellentesque varius. Donec ullamcorper pretium nibh et feugiat. Quisque facilisis ut sapien nec volutpat.", "public/img/16.jpg"